"Algorithm","Hash","Path"
"SHA1","12E285E07980194DDB0C25684DF0117F6A5EB2AD","9F2DAA064D494AA82B43B65362C59E9B89A88F8F58\DATA\fonts\fonts.zip\C_EDB.bin"
"SHA1","B7611606D68D64C96D5D4C472A8EBBB49E49A8B8","9F2DAA064D494AA82B43B65362C59E9B89A88F8F58\DATA\fonts\fonts.zip\C_EDF.bin"
"SHA1","BD427C468125F26187C7FCA1A32D16B09FC810C7","9F2DAA064D494AA82B43B65362C59E9B89A88F8F58\DATA\fonts\fonts.zip\C_GOB.bin"
"SHA1","FD91ECA68425735B08101A12687F8C6B12912B83","9F2DAA064D494AA82B43B65362C59E9B89A88F8F58\DATA\fonts\fonts.zip\C_GOF.bin"
"SHA1","7E64BAD15EC851D707A859985D0375AAFB7C5504","9F2DAA064D494AA82B43B65362C59E9B89A88F8F58\DATA\fonts\fonts.zip\DK_000.BIN"
"SHA1","5FAF3A8C7A41EB4370E8638986EBDAAFC0856685","9F2DAA064D494AA82B43B65362C59E9B89A88F8F58\DATA\fonts\fonts.zip\DK_001.BIN"
"SHA1","4ACD8C2DCA32EB54CAB26016F3E858C086FD136F","9F2DAA064D494AA82B43B65362C59E9B89A88F8F58\DATA\fonts\fonts.zip\DK_002.BIN"
"SHA1","65033E319148F07D6468CDB9A46BE9A6EA4172C6","9F2DAA064D494AA82B43B65362C59E9B89A88F8F58\DATA\fonts\fonts.zip\DK_003.BIN"
"SHA1","3815ACD8FB4F43B9A9DBBDFFD22899D172052C0C","9F2DAA064D494AA82B43B65362C59E9B89A88F8F58\DATA\fonts\fonts.zip\DK_004.BIN"
"SHA1","801AE2523A841E04DBF8D212CC41AC6232D50E7B","9F2DAA064D494AA82B43B65362C59E9B89A88F8F58\DATA\fonts\fonts.zip\DK_005.BIN"
"SHA1","A9B5D110F45CC3C09FF007C92D95BC88E7BE3641","9F2DAA064D494AA82B43B65362C59E9B89A88F8F58\DATA\fonts\fonts.zip\DK_006.BIN"
"SHA1","6FDC560E785FCA25757FDD27CF4824768D8E259D","9F2DAA064D494AA82B43B65362C59E9B89A88F8F58\DATA\fonts\fonts.zip\DK_007.BIN"
"SHA1","D95BDF31C680DF3B8E790DBF63D66B2912A8BC92","9F2DAA064D494AA82B43B65362C59E9B89A88F8F58\DATA\fonts\fonts.zip\DK_008.BIN"
"SHA1","3D11077F7A74656D821FD77505B445130725B544","9F2DAA064D494AA82B43B65362C59E9B89A88F8F58\DATA\fonts\fonts.zip\DK_009.BIN"
"SHA1","2D920E4DFBA2B8467A8C0F9A6AFEC869642D8CDF","9F2DAA064D494AA82B43B65362C59E9B89A88F8F58\DATA\fonts\fonts.zip\DK_010.BIN"
"SHA1","7CB7C3B96A49DD57AECF373DCBD8E9DE426DF061","9F2DAA064D494AA82B43B65362C59E9B89A88F8F58\DATA\fonts\fonts.zip\DK_011.BIN"
"SHA1","BB5DB63EA4C3648667BCA0FAD05800DBED4FD331","9F2DAA064D494AA82B43B65362C59E9B89A88F8F58\DATA\fonts\fonts.zip\DK_012.BIN"
"SHA1","171F9B01AE80192E80B808DE0D90CB13A7BF6913","9F2DAA064D494AA82B43B65362C59E9B89A88F8F58\DATA\fonts\fonts.zip\DK_013.BIN"
"SHA1","F8EDB94819D2DDE4AB700FA4EEF047FE05181E12","9F2DAA064D494AA82B43B65362C59E9B89A88F8F58\DATA\fonts\fonts.zip\DK_014.BIN"
"SHA1","3C721792CC2A8AB02958B4C2DACD257E7DA3FC51","9F2DAA064D494AA82B43B65362C59E9B89A88F8F58\DATA\fonts\fonts.zip\DK_015.BIN"
"SHA1","3B0E5AAD0EF7B52900647369FAAD501057C513C3","9F2DAA064D494AA82B43B65362C59E9B89A88F8F58\DATA\fonts\fonts.zip\DK_016.BIN"
"SHA1","17803A3242C3405C9B26CC568AB3C26D6F3ED7BF","9F2DAA064D494AA82B43B65362C59E9B89A88F8F58\DATA\fonts\fonts.zip\DK_017.BIN"
"SHA1","29B7BEDF9AF96E7443E96872C69999381E1C87B9","9F2DAA064D494AA82B43B65362C59E9B89A88F8F58\DATA\fonts\fonts.zip\DK_018.BIN"
"SHA1","7E26D3352EE64485982E5E709D2314EF91457B98","9F2DAA064D494AA82B43B65362C59E9B89A88F8F58\DATA\fonts\fonts.zip\DK_019.BIN"
"SHA1","79858EE74EE59244D31D15392902338C3E18DCA3","9F2DAA064D494AA82B43B65362C59E9B89A88F8F58\DATA\fonts\fonts.zip\DK_020.BIN"
"SHA1","3E75AF44370C58BEDE434ECAFD98D0253E5BC25C","9F2DAA064D494AA82B43B65362C59E9B89A88F8F58\DATA\fonts\fonts.zip\DK_021.BIN"
"SHA1","54D893E319103411D7D042E91458B4B45A5F0235","9F2DAA064D494AA82B43B65362C59E9B89A88F8F58\DATA\fonts\fonts.zip\DK_022.BIN"
"SHA1","54D893E319103411D7D042E91458B4B45A5F0235","9F2DAA064D494AA82B43B65362C59E9B89A88F8F58\DATA\fonts\fonts.zip\DK_023.BIN"
"SHA1","54D893E319103411D7D042E91458B4B45A5F0235","9F2DAA064D494AA82B43B65362C59E9B89A88F8F58\DATA\fonts\fonts.zip\DK_024.BIN"
"SHA1","54D893E319103411D7D042E91458B4B45A5F0235","9F2DAA064D494AA82B43B65362C59E9B89A88F8F58\DATA\fonts\fonts.zip\DK_025.BIN"
"SHA1","54D893E319103411D7D042E91458B4B45A5F0235","9F2DAA064D494AA82B43B65362C59E9B89A88F8F58\DATA\fonts\fonts.zip\DK_026.BIN"
"SHA1","84B74474488863544B806C112C08D8A84D7F4D25","9F2DAA064D494AA82B43B65362C59E9B89A88F8F58\DATA\fonts\fonts.zip\DK_027.BIN"
"SHA1","408A80BEA4E9734E5387F0FDCC5124E8B093BF80","9F2DAA064D494AA82B43B65362C59E9B89A88F8F58\DATA\fonts\fonts.zip\DK_028.BIN"
"SHA1","76932E2026BCDA21105CA2CE69FD103DE0219F6D","9F2DAA064D494AA82B43B65362C59E9B89A88F8F58\DATA\fonts\fonts.zip\EDB.bin"
"SHA1","DE803936FE823CD18AE5F3D30FAE9C9636B887DA","9F2DAA064D494AA82B43B65362C59E9B89A88F8F58\DATA\fonts\fonts.zip\EDF.bin"
"SHA1","499D5468D45FBDCD734E7E817EF4A909B44FB8B5","9F2DAA064D494AA82B43B65362C59E9B89A88F8F58\DATA\fonts\fonts.zip\F0_000.bin"
"SHA1","2F41E8F510B194F348C7C76900CAF9B66D045EB6","9F2DAA064D494AA82B43B65362C59E9B89A88F8F58\DATA\fonts\fonts.zip\F0_001.bin"
"SHA1","9103F2D11E7D448AD86007D6B36F73D90B9AA39C","9F2DAA064D494AA82B43B65362C59E9B89A88F8F58\DATA\fonts\fonts.zip\F0_002.bin"
"SHA1","697F3C5D1A2FCC6ED545D010D8A1E10AEF09B361","9F2DAA064D494AA82B43B65362C59E9B89A88F8F58\DATA\fonts\fonts.zip\F0_003.bin"
"SHA1","251DFC0928E9A19EC13183CA80CC93EA7A7BCAD2","9F2DAA064D494AA82B43B65362C59E9B89A88F8F58\DATA\fonts\fonts.zip\F0_004.bin"
"SHA1","759EE8CD840C3191B1F86A2382376C96E3998C2A","9F2DAA064D494AA82B43B65362C59E9B89A88F8F58\DATA\fonts\fonts.zip\F0_005.bin"
"SHA1","E6366226116B2040C6DADA8D0B5F087F8FBBE949","9F2DAA064D494AA82B43B65362C59E9B89A88F8F58\DATA\fonts\fonts.zip\F0_006.bin"
"SHA1","80D2EBD9CA1257697B124564F08FE9501E05B073","9F2DAA064D494AA82B43B65362C59E9B89A88F8F58\DATA\fonts\fonts.zip\F0_007.bin"
"SHA1","B1810E39959EA0DCF14556538EB616B7CB55FFB8","9F2DAA064D494AA82B43B65362C59E9B89A88F8F58\DATA\fonts\fonts.zip\F0_008.bin"
"SHA1","59D846CE55D78E8478BCF967BA22ACB4AE268420","9F2DAA064D494AA82B43B65362C59E9B89A88F8F58\DATA\fonts\fonts.zip\F0_009.bin"
"SHA1","213110A8DE5375A270792D6C53D603E90EB26972","9F2DAA064D494AA82B43B65362C59E9B89A88F8F58\DATA\fonts\fonts.zip\F0_010.bin"
"SHA1","B4685FC54F4AE2A61A76CE555A103881D001281F","9F2DAA064D494AA82B43B65362C59E9B89A88F8F58\DATA\fonts\fonts.zip\F0_011.bin"
"SHA1","6FAE4EAB0FE94C87BD6F7E8749BA74A914992566","9F2DAA064D494AA82B43B65362C59E9B89A88F8F58\DATA\fonts\fonts.zip\F0_012.bin"
"SHA1","6FAE4EAB0FE94C87BD6F7E8749BA74A914992566","9F2DAA064D494AA82B43B65362C59E9B89A88F8F58\DATA\fonts\fonts.zip\F0_013.bin"
"SHA1","6FAE4EAB0FE94C87BD6F7E8749BA74A914992566","9F2DAA064D494AA82B43B65362C59E9B89A88F8F58\DATA\fonts\fonts.zip\F0_014.bin"
"SHA1","0C04203FAA989D06436D13D2818F9FDB8145C2D1","9F2DAA064D494AA82B43B65362C59E9B89A88F8F58\DATA\fonts\fonts.zip\F0_015.bin"
"SHA1","6FAE4EAB0FE94C87BD6F7E8749BA74A914992566","9F2DAA064D494AA82B43B65362C59E9B89A88F8F58\DATA\fonts\fonts.zip\F0_016.bin"
"SHA1","2B7F3A3130E25EF443B897AC29A64B4B0BA65A43","9F2DAA064D494AA82B43B65362C59E9B89A88F8F58\DATA\fonts\fonts.zip\F0_017.bin"
"SHA1","183BFB9E515DF60CD09B304378D5E12E79A0A433","9F2DAA064D494AA82B43B65362C59E9B89A88F8F58\DATA\fonts\fonts.zip\F0_018.bin"
"SHA1","D39490BAAFC5532EA417E095BA0D62D0CCE543E2","9F2DAA064D494AA82B43B65362C59E9B89A88F8F58\DATA\fonts\fonts.zip\F0_019.bin"
"SHA1","ABEF76AB7B883101F3AFEEBC77C9BFEB2D9F726A","9F2DAA064D494AA82B43B65362C59E9B89A88F8F58\DATA\fonts\fonts.zip\F0_020.bin"
"SHA1","6B2D981BE0E6C4723DE47A847983BFD66D9710A2","9F2DAA064D494AA82B43B65362C59E9B89A88F8F58\DATA\fonts\fonts.zip\F0_021.bin"
"SHA1","8C65BFBD04C02217FBB974BAB6800A70FCF21527","9F2DAA064D494AA82B43B65362C59E9B89A88F8F58\DATA\fonts\fonts.zip\F0_022.bin"
"SHA1","DF2EC5AC8A686F9D9BB2D52F72A1B30A117080A3","9F2DAA064D494AA82B43B65362C59E9B89A88F8F58\DATA\fonts\fonts.zip\F0_023.bin"
"SHA1","C999084A9AA469F82BB4022ED3FB4115A44F8FD4","9F2DAA064D494AA82B43B65362C59E9B89A88F8F58\DATA\fonts\fonts.zip\F0_024.bin"
"SHA1","8FC43989B1951F14A0DD3D4FA13D2D76148C6956","9F2DAA064D494AA82B43B65362C59E9B89A88F8F58\DATA\fonts\fonts.zip\F0_025.bin"
"SHA1","A2D03594AC1F94E82A9E35D4BA603925878267ED","9F2DAA064D494AA82B43B65362C59E9B89A88F8F58\DATA\fonts\fonts.zip\F0_026.bin"
"SHA1","4F5B669FC8BF08C41E452777A1D8C4382474B7FB","9F2DAA064D494AA82B43B65362C59E9B89A88F8F58\DATA\fonts\fonts.zip\F0_027.bin"
"SHA1","DBDF5A842DD5CB2C23AB399ECBD5B7BA1AF2D321","9F2DAA064D494AA82B43B65362C59E9B89A88F8F58\DATA\fonts\fonts.zip\F0_028.bin"
"SHA1","AE2EC58C599D8F5041633AABD35576A779F7C038","9F2DAA064D494AA82B43B65362C59E9B89A88F8F58\DATA\fonts\fonts.zip\F0_029.bin"
"SHA1","4FE491684AEC0C82E74A8EC73C0ABB36E1BCD7AC","9F2DAA064D494AA82B43B65362C59E9B89A88F8F58\DATA\fonts\fonts.zip\F0_030.bin"
"SHA1","5868194DB76D1F640B9995005BF8BED8C48E7A41","9F2DAA064D494AA82B43B65362C59E9B89A88F8F58\DATA\fonts\fonts.zip\F0_031.bin"
"SHA1","8A255517CFEE55450AB2F9706DA4C56E7C2741DB","9F2DAA064D494AA82B43B65362C59E9B89A88F8F58\DATA\fonts\fonts.zip\F0_032.bin"
"SHA1","DE50742C550EEC1A909C40D50232393AD56F44EC","9F2DAA064D494AA82B43B65362C59E9B89A88F8F58\DATA\fonts\fonts.zip\F0_033.bin"
"SHA1","861750AA875BC8795871EB5043491F71B023996C","9F2DAA064D494AA82B43B65362C59E9B89A88F8F58\DATA\fonts\fonts.zip\F0_034.bin"
"SHA1","ADF08BA7F33A27993E7200E01E8CBA2ED67AD448","9F2DAA064D494AA82B43B65362C59E9B89A88F8F58\DATA\fonts\fonts.zip\F0_035.bin"
"SHA1","9746C8118F0BA36077C1FE5F8611886A60FBAE7A","9F2DAA064D494AA82B43B65362C59E9B89A88F8F58\DATA\fonts\fonts.zip\F0_036.bin"
"SHA1","09E18FDD13AF22C8F2E3242F8C814E6C614E65F7","9F2DAA064D494AA82B43B65362C59E9B89A88F8F58\DATA\fonts\fonts.zip\F0_037.bin"
"SHA1","3DBE891B2C292AC81C918DD8810EB7E8D4921801","9F2DAA064D494AA82B43B65362C59E9B89A88F8F58\DATA\fonts\fonts.zip\F0_038.bin"
"SHA1","152FC3D650E839C9CFA76EA6C95C8F9DACA8380C","9F2DAA064D494AA82B43B65362C59E9B89A88F8F58\DATA\fonts\fonts.zip\F0_039.bin"
"SHA1","8CD2A4269E1C445758033E669A8AE353DF73DA19","9F2DAA064D494AA82B43B65362C59E9B89A88F8F58\DATA\fonts\fonts.zip\F0_040.bin"
"SHA1","D3CA22481E6144CE7F7AF819CF4FF462FC61E94D","9F2DAA064D494AA82B43B65362C59E9B89A88F8F58\DATA\fonts\fonts.zip\F0_041.bin"
"SHA1","E0F805893C854271B4EEA8FBCEA236910FCFBB79","9F2DAA064D494AA82B43B65362C59E9B89A88F8F58\DATA\fonts\fonts.zip\F0_042.bin"
"SHA1","97774B930742ED0007E9CEDF80AE2BDD504775FB","9F2DAA064D494AA82B43B65362C59E9B89A88F8F58\DATA\fonts\fonts.zip\F0_043.bin"
"SHA1","A444FFE3736C91E415820E9B4736251F63F04FD9","9F2DAA064D494AA82B43B65362C59E9B89A88F8F58\DATA\fonts\fonts.zip\F0_044.bin"
"SHA1","B4685FC54F4AE2A61A76CE555A103881D001281F","9F2DAA064D494AA82B43B65362C59E9B89A88F8F58\DATA\fonts\fonts.zip\F0_045.bin"
"SHA1","6FAE4EAB0FE94C87BD6F7E8749BA74A914992566","9F2DAA064D494AA82B43B65362C59E9B89A88F8F58\DATA\fonts\fonts.zip\F0_046.bin"
"SHA1","20AC28C6D70F2D3177ED2DA0E045BF91BA4FE137","9F2DAA064D494AA82B43B65362C59E9B89A88F8F58\DATA\fonts\fonts.zip\F0_047.bin"
"SHA1","88D7567D12C8162F655A4053237660289F129476","9F2DAA064D494AA82B43B65362C59E9B89A88F8F58\DATA\fonts\fonts.zip\F0_048.bin"
"SHA1","58C177021C697F9B9BB92B560B6BEBAFE0EB59A9","9F2DAA064D494AA82B43B65362C59E9B89A88F8F58\DATA\fonts\fonts.zip\F0_049.bin"
"SHA1","803F0FA3AA893C02ED0D09DFED03E00C3ECDC070","9F2DAA064D494AA82B43B65362C59E9B89A88F8F58\DATA\fonts\fonts.zip\F0_050.bin"
"SHA1","C9D776189C4A51CCD6F979C93C493C25504CD779","9F2DAA064D494AA82B43B65362C59E9B89A88F8F58\DATA\fonts\fonts.zip\F0_051.bin"
"SHA1","0768670AAFCE9FA4F7A271DD8D8768CA165DECCC","9F2DAA064D494AA82B43B65362C59E9B89A88F8F58\DATA\fonts\fonts.zip\F0_052.bin"
"SHA1","D5F3457ACDF532949A1562A84BAB58C60350F7C9","9F2DAA064D494AA82B43B65362C59E9B89A88F8F58\DATA\fonts\fonts.zip\F0_053.bin"
"SHA1","97774B930742ED0007E9CEDF80AE2BDD504775FB","9F2DAA064D494AA82B43B65362C59E9B89A88F8F58\DATA\fonts\fonts.zip\F0_054.bin"
"SHA1","197444057C9F6B2ED764E45DD21D900CC245A7CA","9F2DAA064D494AA82B43B65362C59E9B89A88F8F58\DATA\fonts\fonts.zip\F0_055.bin"
"SHA1","D5F3457ACDF532949A1562A84BAB58C60350F7C9","9F2DAA064D494AA82B43B65362C59E9B89A88F8F58\DATA\fonts\fonts.zip\F0_056.bin"
"SHA1","9F78EE55EA81291231FE847AEBD11270D5FA9E5E","9F2DAA064D494AA82B43B65362C59E9B89A88F8F58\DATA\fonts\fonts.zip\F0_057.bin"
"SHA1","0768670AAFCE9FA4F7A271DD8D8768CA165DECCC","9F2DAA064D494AA82B43B65362C59E9B89A88F8F58\DATA\fonts\fonts.zip\F0_058.bin"
"SHA1","D916427F5580152CCB7B6E608F17261BFB781D4B","9F2DAA064D494AA82B43B65362C59E9B89A88F8F58\DATA\fonts\fonts.zip\F1_000.bin"
"SHA1","68C0D8919190673AB926D93CD4E6FA151A07A467","9F2DAA064D494AA82B43B65362C59E9B89A88F8F58\DATA\fonts\fonts.zip\F1_017.bin"
"SHA1","0768670AAFCE9FA4F7A271DD8D8768CA165DECCC","9F2DAA064D494AA82B43B65362C59E9B89A88F8F58\DATA\fonts\fonts.zip\F1_052.bin"
"SHA1","704547F3DDDCADE76EC6BB923EBAD43096744A08","9F2DAA064D494AA82B43B65362C59E9B89A88F8F58\DATA\fonts\fonts.zip\Ft_000.bin"
"SHA1","704547F3DDDCADE76EC6BB923EBAD43096744A08","9F2DAA064D494AA82B43B65362C59E9B89A88F8F58\DATA\fonts\fonts.zip\Ft_001.bin"
"SHA1","53EB4CE6254A9E24A9067EB0A5311BC747BA0BC0","9F2DAA064D494AA82B43B65362C59E9B89A88F8F58\DATA\fonts\fonts.zip\Ft_002.bin"
"SHA1","4DBFA3E913B17B8E76B5DC95357138FBA1503AD2","9F2DAA064D494AA82B43B65362C59E9B89A88F8F58\DATA\fonts\fonts.zip\Ft_003.bin"
"SHA1","4855B079D95064B099306FF7F0B579462B3F86E1","9F2DAA064D494AA82B43B65362C59E9B89A88F8F58\DATA\fonts\fonts.zip\Ft_004.bin"
"SHA1","53EB4CE6254A9E24A9067EB0A5311BC747BA0BC0","9F2DAA064D494AA82B43B65362C59E9B89A88F8F58\DATA\fonts\fonts.zip\Ft_005.bin"
"SHA1","17C1BCCF4B41D630E185AF58977E030F43D6EACE","9F2DAA064D494AA82B43B65362C59E9B89A88F8F58\DATA\fonts\fonts.zip\Ft_006.bin"
"SHA1","B5D9C68AD2765D390BC4FC26D488FB816886A579","9F2DAA064D494AA82B43B65362C59E9B89A88F8F58\DATA\fonts\fonts.zip\F_ARE.bin"
"SHA1","16CE51C87834404E617FB5D9DD55F062AA72C957","9F2DAA064D494AA82B43B65362C59E9B89A88F8F58\DATA\fonts\fonts.zip\F_CAT.bin"
"SHA1","F9F4833355D776B377DB5ADB62D16EAE24975160","9F2DAA064D494AA82B43B65362C59E9B89A88F8F58\DATA\fonts\fonts.zip\F_CEN.bin"
"SHA1","98DBE2F21C3CF4762A7ECF01EEF0DE614C2E3B4F","9F2DAA064D494AA82B43B65362C59E9B89A88F8F58\DATA\fonts\fonts.zip\F_CHI.bin"
"SHA1","801337727AE0E431CF991FF052B46401E9AB7197","9F2DAA064D494AA82B43B65362C59E9B89A88F8F58\DATA\fonts\fonts.zip\F_DAI.bin"
"SHA1","663DA47AFBC663548BFAC8B838E3390F55AE6EAF","9F2DAA064D494AA82B43B65362C59E9B89A88F8F58\DATA\fonts\fonts.zip\F_DRE.bin"
"SHA1","A88E8F88078FD42F7198BD6F3BECBD0C798D5541","9F2DAA064D494AA82B43B65362C59E9B89A88F8F58\DATA\fonts\fonts.zip\F_GAME.bin"
"SHA1","6AC1C0EB109803028E1C4F259FC539FEEB6D079B","9F2DAA064D494AA82B43B65362C59E9B89A88F8F58\DATA\fonts\fonts.zip\F_game2.bin"
"SHA1","70C4C7A50836333E8C72EADCE5FBC024776F3624","9F2DAA064D494AA82B43B65362C59E9B89A88F8F58\DATA\fonts\fonts.zip\F_LIB.bin"
"SHA1","7674DE58CB7B267200FD9D07638FC4086F16466A","9F2DAA064D494AA82B43B65362C59E9B89A88F8F58\DATA\fonts\fonts.zip\F_MAD.bin"
"SHA1","DB60E9CAC13ED6BCF93B0D7B1625EE2D0DC1B0BD","9F2DAA064D494AA82B43B65362C59E9B89A88F8F58\DATA\fonts\fonts.zip\F_map.bin"
"SHA1","898BC0FC322F960E20C909073606BAA85AE8175E","9F2DAA064D494AA82B43B65362C59E9B89A88F8F58\DATA\fonts\fonts.zip\F_NO0.bin"
"SHA1","5BA383AFFBAEF50C151C79307AD0A082D0357324","9F2DAA064D494AA82B43B65362C59E9B89A88F8F58\DATA\fonts\fonts.zip\F_NO1.bin"
"SHA1","82032D57A874AE58A39D94D5C469895777738AF6","9F2DAA064D494AA82B43B65362C59E9B89A88F8F58\DATA\fonts\fonts.zip\F_NO2.bin"
"SHA1","7CA2A473E87FBB7E5C18E72EA0C136C0E7B364F5","9F2DAA064D494AA82B43B65362C59E9B89A88F8F58\DATA\fonts\fonts.zip\F_no3.bin"
"SHA1","C431358A44BD7808CF5CD0D8543DDD732250BE95","9F2DAA064D494AA82B43B65362C59E9B89A88F8F58\DATA\fonts\fonts.zip\F_NO4.bin"
"SHA1","7CA2A473E87FBB7E5C18E72EA0C136C0E7B364F5","9F2DAA064D494AA82B43B65362C59E9B89A88F8F58\DATA\fonts\fonts.zip\F_NP3.bin"
"SHA1","89C5E97CB917121255D3A1A810C1D8AE098EBF8B","9F2DAA064D494AA82B43B65362C59E9B89A88F8F58\DATA\fonts\fonts.zip\F_NZ0.bin"
"SHA1","F4527CDB3825A3BE28C0F841523EDF97EFE2E89F","9F2DAA064D494AA82B43B65362C59E9B89A88F8F58\DATA\fonts\fonts.zip\F_NZ1.bin"
"SHA1","2F189F975FE66730FD59D6D0752CB5E045F5C963","9F2DAA064D494AA82B43B65362C59E9B89A88F8F58\DATA\fonts\fonts.zip\F_PROLO0.bin"
"SHA1","C8490E80A2B9FAB586E6C56A5679019BE605092F","9F2DAA064D494AA82B43B65362C59E9B89A88F8F58\DATA\fonts\fonts.zip\F_PROLO1.bin"
"SHA1","99C55A487EC3C2AE4240F3C731FC6D2717579F73","9F2DAA064D494AA82B43B65362C59E9B89A88F8F58\DATA\fonts\fonts.zip\F_RARE.bin"
"SHA1","FC92CD1FF43DF1292FEE52B3C0EA33C6F87CAB58","9F2DAA064D494AA82B43B65362C59E9B89A88F8F58\DATA\fonts\fonts.zip\F_RCAT.bin"
"SHA1","EFFAC20628EF5B341066F6EABA157B1F0F571AB5","9F2DAA064D494AA82B43B65362C59E9B89A88F8F58\DATA\fonts\fonts.zip\F_RCEN.bin"
"SHA1","0291E77A29835683731722C38A7D3223C823637D","9F2DAA064D494AA82B43B65362C59E9B89A88F8F58\DATA\fonts\fonts.zip\F_RCHI.bin"
"SHA1","C721A1D2BC6BDD9901801E792D23B5996D940B97","9F2DAA064D494AA82B43B65362C59E9B89A88F8F58\DATA\fonts\fonts.zip\F_RDAI.bin"
"SHA1","D36E160673AB85AD59243AEFDF8245B1CA64F494","9F2DAA064D494AA82B43B65362C59E9B89A88F8F58\DATA\fonts\fonts.zip\F_RLIB.bin"
"SHA1","FF2B2755E8708447EBB33F5CF3396E3FC8F19723","9F2DAA064D494AA82B43B65362C59E9B89A88F8F58\DATA\fonts\fonts.zip\F_RNO0.bin"
"SHA1","04F0427ADEA4B2C7EBD46A7DEC2321D810CC15F2","9F2DAA064D494AA82B43B65362C59E9B89A88F8F58\DATA\fonts\fonts.zip\F_RNO1.bin"
"SHA1","23777D5430328A93EAB2BBB2E78F8943E50E5AA7","9F2DAA064D494AA82B43B65362C59E9B89A88F8F58\DATA\fonts\fonts.zip\F_RNO2.bin"
"SHA1","FEC1D0F0C42284F94316D8DF6ABF4187B8432954","9F2DAA064D494AA82B43B65362C59E9B89A88F8F58\DATA\fonts\fonts.zip\F_RNO3.bin"
"SHA1","5D93B02A50401A98C3161BB5F0C6EBB36FF65C8E","9F2DAA064D494AA82B43B65362C59E9B89A88F8F58\DATA\fonts\fonts.zip\F_RNO4.bin"
"SHA1","1959D08134E95ABBB81F35DBDFFEB34D3205A0CB","9F2DAA064D494AA82B43B65362C59E9B89A88F8F58\DATA\fonts\fonts.zip\F_RNZ0.bin"
"SHA1","78B79BB718DAB459FC49FF7813E6142F17108EA4","9F2DAA064D494AA82B43B65362C59E9B89A88F8F58\DATA\fonts\fonts.zip\F_RNZ1.bin"
"SHA1","096BA11B8BF72BC2E3980299C06D10E5550C68A2","9F2DAA064D494AA82B43B65362C59E9B89A88F8F58\DATA\fonts\fonts.zip\F_RTOP.bin"
"SHA1","EE1AAA34F3464B1D1CD72052CEC7A4B9089D1887","9F2DAA064D494AA82B43B65362C59E9B89A88F8F58\DATA\fonts\fonts.zip\F_RWRP.bin"
"SHA1","6C591512A01BB97A7F16CA5DE920993A72121E98","9F2DAA064D494AA82B43B65362C59E9B89A88F8F58\DATA\fonts\fonts.zip\F_sel.bin"
"SHA1","A4A20EC0D27DD93BD2E292B2111ABF18723AAEBC","9F2DAA064D494AA82B43B65362C59E9B89A88F8F58\DATA\fonts\fonts.zip\F_st0.bin"
"SHA1","B786F2C5DB5FD3B7840AE7BCC35335D3130C217B","9F2DAA064D494AA82B43B65362C59E9B89A88F8F58\DATA\fonts\fonts.zip\F_title0.bin"
"SHA1","8B8D838C7300AA9881394680AD194D9E08614608","9F2DAA064D494AA82B43B65362C59E9B89A88F8F58\DATA\fonts\fonts.zip\F_title1.bin"
"SHA1","81BAA03BA3FA73A5447D73C532283E995308EC2A","9F2DAA064D494AA82B43B65362C59E9B89A88F8F58\DATA\fonts\fonts.zip\F_TOP.bin"
"SHA1","C1284F0C662F3C8FDB8A7C17CEBF8E5CF1D96C1B","9F2DAA064D494AA82B43B65362C59E9B89A88F8F58\DATA\fonts\fonts.zip\F_WRP.bin"
"SHA1","C2041D49386B06781226DDC6BB738B2BE35B9FA1","9F2DAA064D494AA82B43B65362C59E9B89A88F8F58\DATA\fonts\fonts.zip\GOB.bin"
"SHA1","11788EAA314BD08C45F0EC278924F83D2FFC5F1F","9F2DAA064D494AA82B43B65362C59E9B89A88F8F58\DATA\fonts\fonts.zip\GOF.bin"
"SHA1","E1478DAD90AB8713B4CDA4B4730993968A784E02","9F2DAA064D494AA82B43B65362C59E9B89A88F8F58\DATA\fonts\fonts.zip\latin1.bin"
"SHA1","BFA11530586C103661C961F16C436D5D739C9014","9F2DAA064D494AA82B43B65362C59E9B89A88F8F58\DATA\fonts\fonts.zip\latin1_upres.bin"
"SHA1","49DEFA9559ABD0A01B4489DD4C771F4AA4207FBC","9F2DAA064D494AA82B43B65362C59E9B89A88F8F58\DATA\fonts\fonts.zip\MO_000.BIN"
"SHA1","8DFC4BB7363822A98FD3BF2F3D5CA28DD400712F","9F2DAA064D494AA82B43B65362C59E9B89A88F8F58\DATA\fonts\fonts.zip\MO_001.BIN"
"SHA1","4BE514DDB42A350BCCDD2C61FB55BA3083A0593B","9F2DAA064D494AA82B43B65362C59E9B89A88F8F58\DATA\fonts\fonts.zip\MO_002.BIN"
"SHA1","49C23AA6D1C8FA146C5ED7D85E07F041685BBF0E","9F2DAA064D494AA82B43B65362C59E9B89A88F8F58\DATA\fonts\fonts.zip\MO_003.BIN"
"SHA1","20E5285A9240402DD261738AB18559211B5C4002","9F2DAA064D494AA82B43B65362C59E9B89A88F8F58\DATA\fonts\fonts.zip\MO_004.BIN"
"SHA1","149FB82C743B0F7DD11DC012C4C1AC61139BFF9D","9F2DAA064D494AA82B43B65362C59E9B89A88F8F58\DATA\fonts\fonts.zip\MO_005.BIN"
"SHA1","DBF8F19AB56088494FF4095E108542D38A0A5744","9F2DAA064D494AA82B43B65362C59E9B89A88F8F58\DATA\fonts\fonts.zip\MO_006.BIN"
"SHA1","374D1164D4E183C123A6FF680D31A1601E45FD22","9F2DAA064D494AA82B43B65362C59E9B89A88F8F58\DATA\fonts\fonts.zip\MO_007.BIN"
"SHA1","984488E090F799BD73CFFE39681416E6E5280688","9F2DAA064D494AA82B43B65362C59E9B89A88F8F58\DATA\fonts\fonts.zip\MO_008.BIN"
"SHA1","F95B712860C4D88A57754042C86BE034BC105971","9F2DAA064D494AA82B43B65362C59E9B89A88F8F58\DATA\fonts\fonts.zip\MO_009.BIN"
"SHA1","5D54583B09187ECD11901AD3365B5F86DEAD6B35","9F2DAA064D494AA82B43B65362C59E9B89A88F8F58\DATA\fonts\fonts.zip\MO_010.BIN"
"SHA1","F84EF49FC061167796E522E17C070C0C91D3880D","9F2DAA064D494AA82B43B65362C59E9B89A88F8F58\DATA\fonts\fonts.zip\MO_011.BIN"
"SHA1","97D71F4AA3B322488BCEB3CAA0CCD48690B1A8F6","9F2DAA064D494AA82B43B65362C59E9B89A88F8F58\DATA\fonts\fonts.zip\MO_012.BIN"
"SHA1","51B173BF82C2CB15D1EB564FACAC3D1F8228C666","9F2DAA064D494AA82B43B65362C59E9B89A88F8F58\DATA\fonts\fonts.zip\MO_013.BIN"
"SHA1","169C61C8BB48A0A57F50DBB23E245C11C69B2F40","9F2DAA064D494AA82B43B65362C59E9B89A88F8F58\DATA\fonts\fonts.zip\MO_014.BIN"
"SHA1","15DA6CFCFACCA37020F89C6A474F5AC666C00ED7","9F2DAA064D494AA82B43B65362C59E9B89A88F8F58\DATA\fonts\fonts.zip\MO_015.BIN"
"SHA1","3A0D2BDE9541ED1DFFBE848BC6E9D484BCDE4127","9F2DAA064D494AA82B43B65362C59E9B89A88F8F58\DATA\fonts\fonts.zip\MO_016.BIN"
"SHA1","28D294F96F28EEA98FE4AA0172281CCC57516B70","9F2DAA064D494AA82B43B65362C59E9B89A88F8F58\DATA\fonts\fonts.zip\MO_017.BIN"
"SHA1","50D0B6D50C4553DE87DAEBD89A526ED28C51EB23","9F2DAA064D494AA82B43B65362C59E9B89A88F8F58\DATA\fonts\fonts.zip\MO_018.BIN"
"SHA1","48B8688AE46347C2C727C1FB5F5055A9754F944E","9F2DAA064D494AA82B43B65362C59E9B89A88F8F58\DATA\fonts\fonts.zip\MO_019.BIN"
"SHA1","63509E7393D3339B7A333E8D17EAADCB7B6C1069","9F2DAA064D494AA82B43B65362C59E9B89A88F8F58\DATA\fonts\fonts.zip\MO_020.BIN"
"SHA1","14477936A18DF8C174D8C9B1479D4978A9D8B56F","9F2DAA064D494AA82B43B65362C59E9B89A88F8F58\DATA\fonts\fonts.zip\MO_021.BIN"
"SHA1","C100B2D46F65C570B6ADFCE8C82EFE85E1BBBE8E","9F2DAA064D494AA82B43B65362C59E9B89A88F8F58\DATA\fonts\fonts.zip\MO_022.BIN"
"SHA1","34CDC0681F02DE8A0D714E4440140C5E16254265","9F2DAA064D494AA82B43B65362C59E9B89A88F8F58\DATA\fonts\fonts.zip\MO_023.BIN"
"SHA1","3DD6D0455375EF57FDBF81CAEA344681EC845F23","9F2DAA064D494AA82B43B65362C59E9B89A88F8F58\DATA\fonts\fonts.zip\MO_024.BIN"
"SHA1","95F9D392FDB039169D8E488BEEA781F38905191A","9F2DAA064D494AA82B43B65362C59E9B89A88F8F58\DATA\fonts\fonts.zip\MO_025.BIN"
"SHA1","68B7DF4398B2B1556CC75C48689EA2C1113DB71C","9F2DAA064D494AA82B43B65362C59E9B89A88F8F58\DATA\fonts\fonts.zip\MO_026.BIN"
"SHA1","02610046D15B47C4E2BB98E3C4D40F72BA23ED92","9F2DAA064D494AA82B43B65362C59E9B89A88F8F58\DATA\fonts\fonts.zip\MO_027.BIN"
"SHA1","9FA3DAC7DACC4E32C14DAC1E20E6E5BFB344B8DA","9F2DAA064D494AA82B43B65362C59E9B89A88F8F58\DATA\fonts\fonts.zip\MO_028.BIN"
"SHA1","EB21766E70C4C4C18F4A25B6D93DEEA845C1782F","9F2DAA064D494AA82B43B65362C59E9B89A88F8F58\DATA\fonts\fonts.zip\MO_029.BIN"
"SHA1","48D29868AA7B29ADB02A315F4EF56C909E1F7D41","9F2DAA064D494AA82B43B65362C59E9B89A88F8F58\DATA\fonts\fonts.zip\MO_030.BIN"
"SHA1","56708D6C3BE480AFC3AAE3BED1704AA89E248940","9F2DAA064D494AA82B43B65362C59E9B89A88F8F58\DATA\fonts\fonts.zip\MO_031.BIN"
"SHA1","C31AE469DC34020F0D992D473109606D9F1ABF09","9F2DAA064D494AA82B43B65362C59E9B89A88F8F58\DATA\fonts\fonts.zip\MO_032.BIN"
"SHA1","DAB9853B51A111BF06E96A059D8DB26D39E2278B","9F2DAA064D494AA82B43B65362C59E9B89A88F8F58\DATA\fonts\fonts.zip\MO_033.BIN"
"SHA1","E31BA80B2FA8031D575AF903DC738EC6830A01DE","9F2DAA064D494AA82B43B65362C59E9B89A88F8F58\DATA\fonts\fonts.zip\MO_034.BIN"
"SHA1","1C34C1EDF28DEB2DAD9C3F2E0E3081660F96ECAD","9F2DAA064D494AA82B43B65362C59E9B89A88F8F58\DATA\fonts\fonts.zip\MO_035.BIN"
"SHA1","891F72BF6595D67BD70DBAC612AEFEC53E896E42","9F2DAA064D494AA82B43B65362C59E9B89A88F8F58\DATA\fonts\fonts.zip\MO_036.BIN"
"SHA1","F94297CB1295F4A2FD4027025B72F422CB5658F0","9F2DAA064D494AA82B43B65362C59E9B89A88F8F58\DATA\fonts\fonts.zip\MO_037.BIN"
"SHA1","E1C94DAC2187DDFF2F1D65A48D1BA99BB9017E43","9F2DAA064D494AA82B43B65362C59E9B89A88F8F58\DATA\fonts\fonts.zip\MO_038.BIN"
"SHA1","94881AF71DC4EE8C223B376B53F4317E0605F879","9F2DAA064D494AA82B43B65362C59E9B89A88F8F58\DATA\fonts\fonts.zip\MO_039.BIN"
"SHA1","E6C15A1199A34C66CF98FA36F86F9DB83FA9C063","9F2DAA064D494AA82B43B65362C59E9B89A88F8F58\DATA\fonts\fonts.zip\MO_040.BIN"
"SHA1","E5FE355195FCBBA1BF9B768D8BDF7891A47BC945","9F2DAA064D494AA82B43B65362C59E9B89A88F8F58\DATA\fonts\fonts.zip\MO_041.BIN"
"SHA1","1D08AD8DB27A650F2687B12120E458A776784892","9F2DAA064D494AA82B43B65362C59E9B89A88F8F58\DATA\fonts\fonts.zip\MO_042.BIN"
"SHA1","ED5366FBCF58F9B6FFEE9FC7E684AEA60829A62D","9F2DAA064D494AA82B43B65362C59E9B89A88F8F58\DATA\fonts\fonts.zip\MO_043.BIN"
"SHA1","921DE54D930A263226504CEFDE2BB755EDA83F7D","9F2DAA064D494AA82B43B65362C59E9B89A88F8F58\DATA\fonts\fonts.zip\MO_044.BIN"
"SHA1","CF27834EAA28CA421A49FCD7311ABC7B9729F094","9F2DAA064D494AA82B43B65362C59E9B89A88F8F58\DATA\fonts\fonts.zip\MO_045.BIN"
"SHA1","ADB09D738474AD3AD169B6625AB4C7FA5D0A715B","9F2DAA064D494AA82B43B65362C59E9B89A88F8F58\DATA\fonts\fonts.zip\MO_046.BIN"
"SHA1","F9EF474AEA6184E2EE0A14341931049CC4D1DDDD","9F2DAA064D494AA82B43B65362C59E9B89A88F8F58\DATA\fonts\fonts.zip\MO_047.BIN"
"SHA1","19183A795C256CAAB80DDDB66648D07DD89EB697","9F2DAA064D494AA82B43B65362C59E9B89A88F8F58\DATA\fonts\fonts.zip\MO_048.BIN"
"SHA1","56F56471E6C2D352A97A9AF5B6BF72A07BC3B703","9F2DAA064D494AA82B43B65362C59E9B89A88F8F58\DATA\fonts\fonts.zip\MO_049.BIN"
"SHA1","E9E346614DEE5D9BB83BBEE41EDB129E0848CFD4","9F2DAA064D494AA82B43B65362C59E9B89A88F8F58\DATA\fonts\fonts.zip\MO_050.BIN"
"SHA1","A5069614A5BF7FDB82CE58605F4B30A739760988","9F2DAA064D494AA82B43B65362C59E9B89A88F8F58\DATA\fonts\fonts.zip\MO_051.BIN"
"SHA1","6D66C30F0E443812D6E164185791C9D550D8F4BF","9F2DAA064D494AA82B43B65362C59E9B89A88F8F58\DATA\fonts\fonts.zip\MO_052.BIN"
"SHA1","8D6223C2B1F186608B6B1697A45835675E5AE3A8","9F2DAA064D494AA82B43B65362C59E9B89A88F8F58\DATA\fonts\fonts.zip\MO_053.BIN"
"SHA1","07BC2FFE9E0ED7EE84B676ABE700C611600771FD","9F2DAA064D494AA82B43B65362C59E9B89A88F8F58\DATA\fonts\fonts.zip\MO_054.BIN"
"SHA1","FEB95BE95F9859E14ACE8040368DC2300B84F577","9F2DAA064D494AA82B43B65362C59E9B89A88F8F58\DATA\fonts\fonts.zip\MO_055.BIN"
"SHA1","23E3C1F5F41BD0BD24F40E8B287600C605B92B38","9F2DAA064D494AA82B43B65362C59E9B89A88F8F58\DATA\fonts\fonts.zip\MO_056.BIN"
"SHA1","30B9BD89BB1D0ED4F20612B4A07508E3A31877CE","9F2DAA064D494AA82B43B65362C59E9B89A88F8F58\DATA\fonts\fonts.zip\MO_057.BIN"
"SHA1","066276A2AB8721C80E7998737135A53AA466A6AB","9F2DAA064D494AA82B43B65362C59E9B89A88F8F58\DATA\fonts\fonts.zip\MO_058.BIN"
"SHA1","8C05ACBBAFAEA3CD48884E3D02BAC3237F5CCE8A","9F2DAA064D494AA82B43B65362C59E9B89A88F8F58\DATA\fonts\fonts.zip\MO_059.BIN"
"SHA1","D54EC992B432B8F9AC0CA3A48ED497A4F28DDCD3","9F2DAA064D494AA82B43B65362C59E9B89A88F8F58\DATA\fonts\fonts.zip\MO_060.BIN"
"SHA1","9D1C5584BC89C4C897A1C4C0C963BB8C7E1D4F98","9F2DAA064D494AA82B43B65362C59E9B89A88F8F58\DATA\fonts\fonts.zip\MO_061.BIN"
"SHA1","5D3CD51F7E429725E613D99EED1788F55BD9A2F8","9F2DAA064D494AA82B43B65362C59E9B89A88F8F58\DATA\fonts\fonts.zip\MO_062.BIN"
"SHA1","F3D675242A76566AC1EA4D202C7499E757207D58","9F2DAA064D494AA82B43B65362C59E9B89A88F8F58\DATA\fonts\fonts.zip\MO_063.BIN"
"SHA1","2ECE1C35867F2A05157F24283AE2E3EBEA05CEA9","9F2DAA064D494AA82B43B65362C59E9B89A88F8F58\DATA\fonts\fonts.zip\MO_064.BIN"
"SHA1","AC5E7ED989D1A1F01B901FC96D45515872EC1466","9F2DAA064D494AA82B43B65362C59E9B89A88F8F58\DATA\fonts\fonts.zip\MO_065.BIN"
"SHA1","F20C8044C03C62D305C50A22BEE0E997B0DB5665","9F2DAA064D494AA82B43B65362C59E9B89A88F8F58\DATA\fonts\fonts.zip\MO_066.BIN"
"SHA1","3D5E1CAEF4484D32212B5AAFD6B5148540154B81","9F2DAA064D494AA82B43B65362C59E9B89A88F8F58\DATA\fonts\fonts.zip\MO_067.BIN"
"SHA1","CA81E9A8E93CE74320039F4FC4D4A54CDB783175","9F2DAA064D494AA82B43B65362C59E9B89A88F8F58\DATA\fonts\fonts.zip\MO_068.BIN"
"SHA1","08023C7E0DC382980F526FF8365C257D347BB0E6","9F2DAA064D494AA82B43B65362C59E9B89A88F8F58\DATA\fonts\fonts.zip\MO_069.BIN"
"SHA1","D1F2EC39E72B7AB03BB9AE71098ED68C81DA98FA","9F2DAA064D494AA82B43B65362C59E9B89A88F8F58\DATA\fonts\fonts.zip\MO_070.BIN"
"SHA1","6A191D7E989A2706438776FE5FBA16E04B75829A","9F2DAA064D494AA82B43B65362C59E9B89A88F8F58\DATA\fonts\fonts.zip\MO_071.BIN"
"SHA1","369594B2A316B048D94E61E3F8341A6A132FA4AD","9F2DAA064D494AA82B43B65362C59E9B89A88F8F58\DATA\fonts\fonts.zip\MO_072.BIN"
"SHA1","1719582E6C54B252AC1D8DEF98EF341FA12B8F6B","9F2DAA064D494AA82B43B65362C59E9B89A88F8F58\DATA\fonts\fonts.zip\MO_073.BIN"
"SHA1","8125D00E61441F7C270CA290E7CE6504BB663E67","9F2DAA064D494AA82B43B65362C59E9B89A88F8F58\DATA\fonts\fonts.zip\MO_074.BIN"
"SHA1","89770836BE6477DE9AB7DC889C25A2EE685E971D","9F2DAA064D494AA82B43B65362C59E9B89A88F8F58\DATA\fonts\fonts.zip\MO_075.BIN"
"SHA1","87E0C0E73C38CF9B4AE640C7524D18FF52782C9A","9F2DAA064D494AA82B43B65362C59E9B89A88F8F58\DATA\fonts\fonts.zip\MO_076.BIN"
"SHA1","3114F8FDEA81E7AB9DC1B4B9E3E67BC78F8FD646","9F2DAA064D494AA82B43B65362C59E9B89A88F8F58\DATA\fonts\fonts.zip\MO_077.BIN"
"SHA1","02AD6ABB72494CDE72DB33A27C1992B36C8051DC","9F2DAA064D494AA82B43B65362C59E9B89A88F8F58\DATA\fonts\fonts.zip\MO_078.BIN"
"SHA1","BA3D6FCD4BB8F0C142438F6AD7E6149508841497","9F2DAA064D494AA82B43B65362C59E9B89A88F8F58\DATA\fonts\fonts.zip\MO_079.BIN"
"SHA1","9E849E050EB8992549B857A4A8271E055B392E16","9F2DAA064D494AA82B43B65362C59E9B89A88F8F58\DATA\fonts\fonts.zip\MO_080.BIN"
"SHA1","04006A3901854DAFE63E72FBB865400DCE414D61","9F2DAA064D494AA82B43B65362C59E9B89A88F8F58\DATA\fonts\fonts.zip\MO_081.BIN"
"SHA1","78A85F9E12D8A0043F08FE9F514529886941AE5A","9F2DAA064D494AA82B43B65362C59E9B89A88F8F58\DATA\fonts\fonts.zip\MO_082.BIN"
"SHA1","575CFF8659DAA3F1D6BCFBB6304134CBBE722ADB","9F2DAA064D494AA82B43B65362C59E9B89A88F8F58\DATA\fonts\fonts.zip\MO_083.BIN"
"SHA1","780130B33AB4464E75DEB6BD1F4D143E5C5BE1F4","9F2DAA064D494AA82B43B65362C59E9B89A88F8F58\DATA\fonts\fonts.zip\MO_084.BIN"
"SHA1","F3B48C56F155D01D33F3C13F5793F7833957E720","9F2DAA064D494AA82B43B65362C59E9B89A88F8F58\DATA\fonts\fonts.zip\MO_085.BIN"
"SHA1","A688E6145FA69E241836C3C3900603D534B48AD1","9F2DAA064D494AA82B43B65362C59E9B89A88F8F58\DATA\fonts\fonts.zip\MO_086.BIN"
"SHA1","DF472F19DFAD9DC87043EFC45025B028B307D42E","9F2DAA064D494AA82B43B65362C59E9B89A88F8F58\DATA\fonts\fonts.zip\MO_087.BIN"
"SHA1","4FC644BC79CEF4F0E4B1445E866D53F82FF2749C","9F2DAA064D494AA82B43B65362C59E9B89A88F8F58\DATA\fonts\fonts.zip\MO_088.BIN"
"SHA1","0049A51EC9BD00280DA9286C3E557BDDA885BF11","9F2DAA064D494AA82B43B65362C59E9B89A88F8F58\DATA\fonts\fonts.zip\MO_089.BIN"
"SHA1","6FC3F5C686819AE7CCCC08697FEB5035980F4140","9F2DAA064D494AA82B43B65362C59E9B89A88F8F58\DATA\fonts\fonts.zip\MO_090.BIN"
"SHA1","119B313F0F614A998CB31F885999EFD3C0A9238B","9F2DAA064D494AA82B43B65362C59E9B89A88F8F58\DATA\fonts\fonts.zip\MO_091.BIN"
"SHA1","737EB88361F80DB25B18E0DF71B2AC3FAB811AAE","9F2DAA064D494AA82B43B65362C59E9B89A88F8F58\DATA\fonts\fonts.zip\MO_092.BIN"
"SHA1","838D3BF29F468ECD588A1FB78E14FD95A7D522E8","9F2DAA064D494AA82B43B65362C59E9B89A88F8F58\DATA\fonts\fonts.zip\MO_093.BIN"
"SHA1","48FC18F7F631FB1F6C6B8EEB4D4EED962DAD110B","9F2DAA064D494AA82B43B65362C59E9B89A88F8F58\DATA\fonts\fonts.zip\MO_094.BIN"
"SHA1","5D74C0E875261314C7E657A30B263341BF715D9E","9F2DAA064D494AA82B43B65362C59E9B89A88F8F58\DATA\fonts\fonts.zip\MO_095.BIN"
"SHA1","0214AB34ADE233F0ADFE1A57983C0A6B6FA0C73E","9F2DAA064D494AA82B43B65362C59E9B89A88F8F58\DATA\fonts\fonts.zip\MO_096.BIN"
"SHA1","6906570586068E18D09939280F874519834C22EC","9F2DAA064D494AA82B43B65362C59E9B89A88F8F58\DATA\fonts\fonts.zip\MO_097.BIN"
"SHA1","C283B64093A713E361C9028FA749EF874BFDA0DE","9F2DAA064D494AA82B43B65362C59E9B89A88F8F58\DATA\fonts\fonts.zip\MO_098.BIN"
"SHA1","F979C90DA0EC13DBE83ED5F28D168CB9D377B5C5","9F2DAA064D494AA82B43B65362C59E9B89A88F8F58\DATA\fonts\fonts.zip\MO_099.BIN"
"SHA1","688C9C29D2D89D49E3FE50F22ECC0951BB68AA9A","9F2DAA064D494AA82B43B65362C59E9B89A88F8F58\DATA\fonts\fonts.zip\MO_100.BIN"
"SHA1","59CB78F7451270514E23ECE45DEA60B442157A96","9F2DAA064D494AA82B43B65362C59E9B89A88F8F58\DATA\fonts\fonts.zip\MO_101.BIN"
"SHA1","07FF8822E4FD59EA0B8220602179F5EAE388A2EC","9F2DAA064D494AA82B43B65362C59E9B89A88F8F58\DATA\fonts\fonts.zip\MO_102.BIN"
"SHA1","1D59AB4A52E7B40C7C1031B8E6B7ACF73D4F5C3D","9F2DAA064D494AA82B43B65362C59E9B89A88F8F58\DATA\fonts\fonts.zip\MO_103.BIN"
"SHA1","6441CF4E283B60B73D45C3837556DC30088D9E4F","9F2DAA064D494AA82B43B65362C59E9B89A88F8F58\DATA\fonts\fonts.zip\MO_104.BIN"
"SHA1","E3D135498A0DEC058D5AEEF6880BC8E626AA86D0","9F2DAA064D494AA82B43B65362C59E9B89A88F8F58\DATA\fonts\fonts.zip\MO_105.BIN"
"SHA1","2919C33663622AF2C8F12F98A9F948B27B0DD8CF","9F2DAA064D494AA82B43B65362C59E9B89A88F8F58\DATA\fonts\fonts.zip\MO_106.BIN"
"SHA1","CB9882BA06006FE300C608E609A14A0F6DE63DCE","9F2DAA064D494AA82B43B65362C59E9B89A88F8F58\DATA\fonts\fonts.zip\MO_107.BIN"
"SHA1","4EFFD0DA8A12E1D0F8656D6337203DA262CF38D7","9F2DAA064D494AA82B43B65362C59E9B89A88F8F58\DATA\fonts\fonts.zip\MO_108.BIN"
"SHA1","FD2FC6C9720305F64BEEC773C53391241867471D","9F2DAA064D494AA82B43B65362C59E9B89A88F8F58\DATA\fonts\fonts.zip\MO_109.BIN"
"SHA1","C0BE7B8A733035350A879AE89175B4903993ACBB","9F2DAA064D494AA82B43B65362C59E9B89A88F8F58\DATA\fonts\fonts.zip\MO_110.BIN"
"SHA1","48C7A3B6E46237BEB460F8CEDB0EAE4CAFC51B88","9F2DAA064D494AA82B43B65362C59E9B89A88F8F58\DATA\fonts\fonts.zip\MO_111.BIN"
"SHA1","F8D3A68BABAA3E0835698375A372492DB4B82262","9F2DAA064D494AA82B43B65362C59E9B89A88F8F58\DATA\fonts\fonts.zip\MO_112.BIN"
"SHA1","AA852741EA82E0D564CF5A9F5FC4C3C056B98A11","9F2DAA064D494AA82B43B65362C59E9B89A88F8F58\DATA\fonts\fonts.zip\MO_113.BIN"
"SHA1","3AF49A419B004FFCF1E9EE2F4DBB9E7E7C97A611","9F2DAA064D494AA82B43B65362C59E9B89A88F8F58\DATA\fonts\fonts.zip\MO_114.BIN"
"SHA1","F71B755F612EA817F3227156D7DCD19498043A1D","9F2DAA064D494AA82B43B65362C59E9B89A88F8F58\DATA\fonts\fonts.zip\MO_115.BIN"
"SHA1","58B4ABF8860792578F9B158F584FC8CEFE59D0E7","9F2DAA064D494AA82B43B65362C59E9B89A88F8F58\DATA\fonts\fonts.zip\MO_116.BIN"
"SHA1","0E11B7008FC605A28E7AE39C1A39AFD7541D76D1","9F2DAA064D494AA82B43B65362C59E9B89A88F8F58\DATA\fonts\fonts.zip\MO_117.BIN"
"SHA1","BAA61E20DEB6446B4D391261DDF9A581C084B253","9F2DAA064D494AA82B43B65362C59E9B89A88F8F58\DATA\fonts\fonts.zip\MO_118.BIN"
"SHA1","82B413E39B2C2E91B2EFF0F1900398CE512244B0","9F2DAA064D494AA82B43B65362C59E9B89A88F8F58\DATA\fonts\fonts.zip\MO_119.BIN"
"SHA1","CD3248C40724D03774DF09D9BAD48404FF05D519","9F2DAA064D494AA82B43B65362C59E9B89A88F8F58\DATA\fonts\fonts.zip\MO_120.BIN"
"SHA1","315F5405FE2FB95D59D13BBD5383F2B210D6E2E9","9F2DAA064D494AA82B43B65362C59E9B89A88F8F58\DATA\fonts\fonts.zip\MO_121.BIN"
"SHA1","B11611787CD2D9A87FCD16E62923EF889ADFE3EE","9F2DAA064D494AA82B43B65362C59E9B89A88F8F58\DATA\fonts\fonts.zip\MO_122.BIN"
"SHA1","69F5B2306E222ECC9FA479661FDBF09DB75A3254","9F2DAA064D494AA82B43B65362C59E9B89A88F8F58\DATA\fonts\fonts.zip\MO_123.BIN"
"SHA1","2743051AEEFD40354E990509630CDA0DDE5AA2D9","9F2DAA064D494AA82B43B65362C59E9B89A88F8F58\DATA\fonts\fonts.zip\MO_124.BIN"
"SHA1","578498186F22BC6EA2B8ACB9A43AB3B2820F0F35","9F2DAA064D494AA82B43B65362C59E9B89A88F8F58\DATA\fonts\fonts.zip\MO_125.BIN"
"SHA1","074AE8D4FFFAE0EC1D9DF57402CE0EF2A7B08BFE","9F2DAA064D494AA82B43B65362C59E9B89A88F8F58\DATA\fonts\fonts.zip\MO_126.BIN"
"SHA1","DE9367128A887420266F35CD5F1AB85C5B610EF3","9F2DAA064D494AA82B43B65362C59E9B89A88F8F58\DATA\fonts\fonts.zip\MO_127.BIN"
"SHA1","DAB9853B51A111BF06E96A059D8DB26D39E2278B","9F2DAA064D494AA82B43B65362C59E9B89A88F8F58\DATA\fonts\fonts.zip\MO_128.BIN"
"SHA1","AAAD4359715207AFE6A0476E9C68404BC1CB361A","9F2DAA064D494AA82B43B65362C59E9B89A88F8F58\DATA\fonts\fonts.zip\MO_129.BIN"
"SHA1","4FCDCBB528BD1CBA2725088C8272703870E78051","9F2DAA064D494AA82B43B65362C59E9B89A88F8F58\DATA\fonts\fonts.zip\MO_130.BIN"
"SHA1","10AD30525B60B8CACCC401F587B8532ABE3EDBEB","9F2DAA064D494AA82B43B65362C59E9B89A88F8F58\DATA\fonts\fonts.zip\MO_131.BIN"
"SHA1","56E9C633930BFF47CCF64C8337C2FA5830222EBA","9F2DAA064D494AA82B43B65362C59E9B89A88F8F58\DATA\fonts\fonts.zip\MO_132.BIN"
"SHA1","F5FFEEA94FB4F9F2E9651BC700FF68E719F05974","9F2DAA064D494AA82B43B65362C59E9B89A88F8F58\DATA\fonts\fonts.zip\MO_133.BIN"
"SHA1","0F153E645710873A31E3D6790FD456653D849A84","9F2DAA064D494AA82B43B65362C59E9B89A88F8F58\DATA\fonts\fonts.zip\MO_134.BIN"
"SHA1","E64BE24705E5622D95AA39AB0BD9A4599FF9E26D","9F2DAA064D494AA82B43B65362C59E9B89A88F8F58\DATA\fonts\fonts.zip\MO_135.BIN"
"SHA1","A1D3A87516AA61769104102463910C7CC8DF11BF","9F2DAA064D494AA82B43B65362C59E9B89A88F8F58\DATA\fonts\fonts.zip\MO_136.BIN"
"SHA1","B1B665595DE96563AC5CB1D03F0FB0F26998CB28","9F2DAA064D494AA82B43B65362C59E9B89A88F8F58\DATA\fonts\fonts.zip\MO_137.BIN"
"SHA1","D84A6C01EAC644F8F4C47C2213209C063AFCB17A","9F2DAA064D494AA82B43B65362C59E9B89A88F8F58\DATA\fonts\fonts.zip\MO_138.BIN"
"SHA1","F437527915CB7E1C7165148CD16DE419270BA5F1","9F2DAA064D494AA82B43B65362C59E9B89A88F8F58\DATA\fonts\fonts.zip\MO_139.BIN"
"SHA1","F2AEF26A67BA737F549069F1A13FF968028E65C2","9F2DAA064D494AA82B43B65362C59E9B89A88F8F58\DATA\fonts\fonts.zip\MO_140.BIN"
"SHA1","9000711837FB75DEACD8036419267E44BF41A88F","9F2DAA064D494AA82B43B65362C59E9B89A88F8F58\DATA\fonts\fonts.zip\MO_141.BIN"
"SHA1","94C909E433A91EA701EC1E0C96D117EE5B40F557","9F2DAA064D494AA82B43B65362C59E9B89A88F8F58\DATA\fonts\fonts.zip\MO_142.BIN"
"SHA1","EDA7410541CE407680AF0F0A9D1839C15F8F5BF5","9F2DAA064D494AA82B43B65362C59E9B89A88F8F58\DATA\fonts\fonts.zip\MO_143.BIN"
"SHA1","2B659F811881D2E217D6837103B88CCF32B9D7D6","9F2DAA064D494AA82B43B65362C59E9B89A88F8F58\DATA\fonts\fonts.zip\MO_144.BIN"
"SHA1","9E3BBB6185EDC1123C28B8754F22846070ACFB46","9F2DAA064D494AA82B43B65362C59E9B89A88F8F58\DATA\fonts\fonts.zip\MO_145.BIN"
"SHA1","9E3BBB6185EDC1123C28B8754F22846070ACFB46","9F2DAA064D494AA82B43B65362C59E9B89A88F8F58\DATA\fonts\fonts.zip\MO_146.BIN"
